source,hash,etag,last_modified,last_checked,failed_attempts,domains,file_size,filename,last_updated,serial_counter
https://big.oisd.nl/,19c06514fb6e07ffdbdd2948e28c0bb8f38f19e1922147d65a6f0a0f386f6dd4,"""6acb5f61-53311f""","Sun, 11 Oct 2026 10:05:21 GMT",2026-10-11T10:39:56Z,0,474596,13429.59765625,misc_oisd_big_list.rpz,2026-10-11T10:40:02Z,6166
https://gitlab.com/quidsup/notrack-blocklists/raw/master/notrack-malware.txt,de2e33be367b25c0826008e677401c706e2de7c4cc7cf0891b26fb804e0c022f,"""26ef123c4ce62669f1d91abf196a3b61""",2026-09-07T17:13:19Z,2026-09-07T17:13:19Z,0,250,6.818359375,malware_notrack.rpz,2026-09-07T17:13:19Z,10
https://hostfiles.frogeye.fr/firstparty-trackers-hosts.txt,0962eef388514a8996e4f0f2eee37c87fadddf0ea33f173300a0b1f5fad8bf0e,"""6ac2b5b1-73f55""","Sun, 04 Oct 2026 20:23:13 GMT",2026-10-04T22:43:33Z,0,29286,955.9462890625,tracking_frogeye_firstparty.rpz,2026-10-04T22:43:36Z,88
https://lists.cyberhost.uk/malware.txt,1475f1837dc5f65e29a3b353ba8f92ef0c2fd03ac16d7e6470527204a6ec156f,"""58263668dfb6e84b5b605dbb76c10264""","Sun, 11 Oct 2026 10:21:09 GMT",2026-10-11T10:39:49Z,0,189728,10388.259765625,malware_cyberhost.rpz,2026-10-11T10:39:52Z,1978
https://malware-filter.gitlab.io/malware-filter/urlhaus-filter-hosts-online.txt,ea6e529bf50a40297766b7f4ad7dacc3ea8389b6646d5bf260d86d63e3f03cd6,"""c26706d8014f8c19a04693b597ec8c87c79189dc6561a2952583036b7a6e7198""","Sun, 11 Oct 2026 00:46:02 GMT",2026-10-11T03:57:09Z,0,1046,31.693359375,malware_malware-filter-urlhaus-lite.rpz,2026-10-11T03:57:10Z,913
https://nsfw-small.oisd.nl,b1f76883a39f8f9bc667431b8a683daa998c134550abdb1832bca10ce402a006,"""6acb15a9-535d8""","Sun, 11 Oct 2026 04:50:49 GMT",2026-10-11T10:40:11Z,0,38866,894.7978515625,misc_nsfw_small_oisd.rpz,2026-10-11T10:40:14Z,4698
https://nsfw.oisd.nl,b1fdb78e77cd3a671a2661d9634969a68da91dbd7c506a72d94d0cc688c27045,"""6acb5fba-94d3e6""","Sun, 11 Oct 2026 10:06:50 GMT",2026-10-11T10:40:02Z,0,939114,24552.7099609375,misc_nsfw_oisd.rpz,2026-10-11T10:40:10Z,6115
https://raw.githubusercontent.com/AssoEchap/stalkerware-indicators/master/generated/hosts,c6558b394b18d067e641b8ce61d461e2070a0548b24b660b667d1c2043681858,"""d195a8e81f43e9dbca3174a5f1ea5d0e878a98ac40f4ef0a207f5da3d3f3975c""",2026-10-03T16:58:25Z,2026-10-03T16:58:24Z,0,1856,55.3662109375,misc_stalkerware.rpz,2026-10-03T16:58:25Z,6
https://raw.githubusercontent.com/DandelionSprout/adfilt/master/Alternate%20versions%20Anti-Malware%20List/AntiMalwareHosts.txt,82cfa9eafbe191840ca027384a097610623436c168a6b4216a460753fb4f942a,"""dceb4f8239af7732ceaf759fde45c991b701caacd988a58c1387d5790a631965""",2026-10-04T09:19:46Z,2026-10-04T09:19:46Z,0,23536,684.48828125,malware_adfilt.rpz,2026-10-04T09:19:46Z,41
https://raw.githubusercontent.com/FadeMind/hosts.extras/master/UncheckyAds/hosts,c60b7ee16362fa5848bd257a14854b240e793735a2310669f2f889f391a00d70,"""9c443c359200c7d023caff7ec5be8202fd9b7c388b0acd7acc19fe4192090191""",2025-07-01T16:53:41Z,2025-07-01T16:53:41Z,0,9,1.2275390625,ads_fademind_uncheckyads.rpz,2025-07-01T16:53:41Z,1
https://raw.githubusercontent.com/FadeMind/hosts.extras/master/add.2o7Net/hosts,5d9353a1294c0c12fb6caa7c9178224ae601f59a159ea5e4677da6b36208c876,"""2ebc14780be40efdb135981a6e0e7e67c6c5091c762a007a83eeb45b3d30baaf""",2025-07-01T16:54:20Z,2025-07-01T16:54:20Z,0,2030,133.794921875,tracking_fademind_2o7net.rpz,2025-07-01T16:54:20Z,1
https://raw.githubusercontent.com/FadeMind/hosts.extras/master/add.Risk/hosts,baedee79b7a3b9e1825080f4daf42a7d9dc37eda03a4381b332b7ef807129b0e,"""017265ef539060dcda414ab905a416f60d8cba8189498b37a08329120a84a1a3""",2025-07-01T16:53:51Z,2026-04-20T14:48:04Z,1,2189,118.53125,malware_fademind_risk.rpz,2025-07-01T16:53:51Z,1
https://raw.githubusercontent.com/FadeMind/hosts.extras/master/add.Spam/hosts,5e925892954443b0b0dcbfc26926d2f48e86034935887aad75a9aaaa0a8eeccc,"""0c4642d693ab1369c13f886c7c6f085383968423fd94f01c95e1d7bf413e5bb6""",2025-07-01T16:53:51Z,2026-04-20T14:48:04Z,1,57,3.95703125,malware_fademind_spam.rpz,2025-07-01T16:53:51Z,1
https://raw.githubusercontent.com/PolishFiltersTeam/KADhosts/master/KADhosts.txt,2c26a2495d916aa4a30a8dfa520586538c82bf36798ece74c8e4a4d20d395458,"""910914d7fe83fafc775def9d838224f5a13fb1dbc8a7b70ca7caeb1875010a30""",2026-10-11T10:39:54Z,2026-10-11T10:39:54Z,0,80154,2565.396484375,malware_kadhosts.rpz,2026-10-11T10:39:54Z,1900
https://raw.githubusercontent.com/Spam404/lists/master/main-blacklist.txt,99c65c4a7bcbab03cb82b1068d39a3e43dd65b51ce7b089929261a818b520960,"""53aa0cd8cc0a783089292ab31bb40a384066d3c27976793c0201629fbb0a6a3a""",2025-09-17T23:11:27Z,2026-07-08T23:03:56Z,1,16280,430.041015625,malware_spam404.rpz,2025-09-17T23:11:27Z,2
https://raw.githubusercontent.com/StevenBlack/hosts/master/alternates/social-only/hosts,30357b98233417129b88c16ba0c1e7f8032564c5a403d4c07c24c0b4cc58996c,"""95fb2048c7fec891eb0f5cb0127c7b971ff8f1c574231031ec91239bc1594f7c""",2026-10-07T22:41:33Z,2026-10-07T22:41:33Z,0,7616,263.6904296875,social_stevenblack_social_only.rpz,2026-10-07T22:41:33Z,127
https://raw.githubusercontent.com/StevenBlack/hosts/master/data/KADhosts/hosts,656f397576cb19874f4f04e33fa1afa6cdfb061a834efd81990257c676d809c7,"""9183ce7374e99e052f5e2564bff0b48cc93e9b1f163965110d5867371a4bb2ae""",2026-10-07T22:41:04Z,2026-10-07T22:41:04Z,0,80212,2571.564453125,malware_stevenblack_kadhosts.rpz,2026-10-07T22:41:04Z,126
https://raw.githubusercontent.com/StevenBlack/hosts/master/data/adaway.org/hosts,e3d34cd1243dd3fa0f7c1935cbeb11fbfe177c2ab56c8162141d8a06316b4fb0,"""b6c26c2fd87a5b3edd58c14f9664c3ceccf00332db6e491c83aeb51501b1cf5c""",2026-09-20T22:57:52Z,2026-09-20T22:57:51Z,0,14656,480.533203125,ads_stevenblack_adaway.rpz,2026-09-20T22:57:53Z,6
https://raw.githubusercontent.com/StevenBlack/hosts/master/data/yoyo.org/hosts,8db1654367fff1e8a89fcf1eb956dc13372fc6e447d36314edf07b23259acd18,"""90247d75721b6298076b705b44fb92ae81841b646b4973196a26effba79e5973""",2026-08-31T22:26:04Z,2026-08-31T22:26:04Z,0,7080,178.1533203125,misc_stevenblack_yoyo.rpz,2026-08-31T22:26:04Z,5
https://raw.githubusercontent.com/StevenBlack/hosts/master/hosts,b83fc7acc934248ea4995dac213aa0ebb92d6824fd8469c1c20327b445db9051,"""665ef40c60f4b95fde01f940890f6a3db107907b8cd798a28132b2d4d325599d""",2026-10-07T22:41:05Z,2026-10-07T22:41:05Z,0,145052,4353.1865234375,malware_stevenblack_diff_sources.rpz,2026-10-07T22:41:06Z,127
https://raw.githubusercontent.com/anudeepND/blacklist/master/adservers.txt,4cbe4ca57d726b9964f5b782cc7c211243cd7f7fa4b5947af3a2b3ec3560477e,"""af5591778951cd5c9107d37676ec1046beb7134acdc57161f0cad82bd21d095b""",2025-12-27T06:35:34Z,2025-12-27T06:35:33Z,0,84716,2718.068359375,ads_anudeep.rpz,2025-12-27T06:35:34Z,2
https://raw.githubusercontent.com/anudeepND/blacklist/master/facebook.txt,c8176f2e6c5e2f3e2e15e6441517d4619eaddbc5d5e1dcd17864668ee7a3cff2,"""edcc4889e551c7a5e2dd7530d3c5f15b5b8325f83308ec0adfb1b4340d38dd3e""",2025-12-27T06:35:47Z,2025-12-27T06:35:47Z,0,7994,321.912109375,social_anudeepND_facebook.rpz,2025-12-27T06:35:48Z,2
https://raw.githubusercontent.com/badmojr/1Hosts/master/Lite/domains.txt,014eddd206bca7ac10a865a7e4b931e0b92c2877584e398fbc3d54b9408ef2d0,"""4053050da26e2bceb944c11a5ca5de3368d9c0e06a0c0fb2dbbfea42d3bfd3fc""",2025-11-03T08:19:27Z,2025-11-03T08:19:27Z,0,472724,19294.7041015625,misc_1hosts_lite.rpz,2025-11-03T08:19:30Z,119
https://raw.githubusercontent.com/badmojr/1Hosts/master/Pro/rpz.txt,,,,2025-11-03T15:15:18Z,276,0,0,misc_1hosts_pro.rpz,1970-01-01T00:00:00Z,82
https://raw.githubusercontent.com/bigdargon/hostsVN/master/hosts,7474cf2882f2ce4f0a67d926f8fdba2b4b5a31487668b5382853fd06ba05ce65,"""f6b5eb5c60f1bde746bdf61d7514820beeeb5ac75d7ab6b54c2139d57e8732a8""",2026-10-05T08:18:07Z,2026-10-05T08:18:07Z,0,36920,1036.7138671875,ads_bigdargon.rpz,2026-10-05T08:18:07Z,126
https://raw.githubusercontent.com/crazy-max/WindowsSpyBlocker/master/data/hosts/spy.txt,709c00d24f5a50dab46ce18d8b1cd175db4593dc7f65623ed89070075a85a3a0,"""c8eaf6922aecb052892382de58cb15a2e4a7c8c08b0fd6db7aaf8da7a40b4559""",2025-07-01T16:54:20Z,2026-04-20T14:48:25Z,1,347,25.3349609375,tracking_crazymax_spy.rpz,2025-07-01T16:54:20Z,1
https://raw.githubusercontent.com/durablenapkin/scamblocklist/master/hosts.txt,8964b43849244b5ad150107a193def1a48da6a4beb0ab05d012e925b7d2eff26,"""e6f53ac21a1f10f23d1276448032e6dd3cc3c9e904e5727671ac2eff20d0acac""",2026-10-11T10:40:42Z,2026-10-11T10:40:41Z,0,4400,123.314453125,phishing_durablenapkin_scamblocklist.rpz,2026-10-11T10:40:42Z,446
https://raw.githubusercontent.com/easylist/easylist/master/easylist/easylist_adservers_popup.txt,187a23b48e6215cb558ae8330353370c17c91327981f91faa45bc444a73bdd4b,"""209824e2ca0909113c9becf9d7b4efc080dc7697fff5d6ef929e83d1639b714b""",2026-10-10T23:12:23Z,2026-10-10T23:12:23Z,0,4850,117.2294921875,ads_easylist_adservers_popup.rpz,2026-10-10T23:12:23Z,98
https://raw.githubusercontent.com/easylist/easylist/master/easyprivacy/easyprivacy_trackingservers_international.txt,9c67cc2d4ae438526b2fdfa1a07b21d286273684647cc381f2d0441eb19c5d42,"""681cbe2ae6f9acafef236966474fce29d28f2332afb3fdf9030daa3de57718ed""",2026-09-11T19:27:27Z,2026-09-11T19:27:27Z,0,1850,41.49609375,tracking_easylist_international.rpz,2026-09-11T19:27:27Z,23
https://raw.githubusercontent.com/hagezi/dns-blocklists/heads/main/rpz/pro.mini.txt,ead823da955f39e5487d932686fe160e34f66fcf9dbbb15e624b06a973ab3f5c,"""b7380e82ee092bdb607b39a68d872c39db438eb4927c1aa33205adc48141053b""",2025-07-15T09:04:58Z,2025-07-15T09:04:58Z,0,181250,4834.1142578125,misc_hagezi_pro_mini.rpz,2025-07-15T09:05:00Z,56
https://raw.githubusercontent.com/hagezi/dns-blocklists/main/adblock/anti.piracy.txt,a7e00b4e5d9758dbd3821d7746ebea5ee32757f01cab97f15260d92580b084d5,"""004f9e9a315549e417c10972d1cc445b5e5cec1bdf1aac5d8e1f2011520d7480""",2026-10-11T10:39:40Z,2026-10-11T10:39:40Z,0,109992,3065.3662109375,ads_hagezi_anti.piracy.rpz,2026-10-11T10:39:41Z,910
https://raw.githubusercontent.com/hagezi/dns-blocklists/main/adblock/blocklist-referral-native.txt,770ec00e800eda8fce8e88327ea8d389ea3e52bda5537522b505a1fc410b8bbd,"""15fff5930ee8334f3c71c7300f523656a74341d8f06617ace6e638011178065b""",2026-10-11T10:39:41Z,2026-10-11T10:39:41Z,0,3310,93.4404296875,ads_hagezi_blocklist_referral_native.rpz,2026-10-11T10:39:41Z,450
https://raw.githubusercontent.com/hagezi/dns-blocklists/main/adblock/doh-vpn-proxy-bypass.txt,4a67c28930a6700e5d76c5edb6082c263c6cedf20bbd70d57fe2dbd5e43a8d48,"""651a6d4d94a110fed8e7f06c6240abd65f311f7aa1f774fc68988817fb2dc378""",2026-10-11T10:39:42Z,2026-10-11T10:39:42Z,0,31346,822.7802734375,ads_hagezi_doh_vpn_proxy_bypass.rpz,2026-10-11T10:39:42Z,937
https://raw.githubusercontent.com/hagezi/dns-blocklists/main/adblock/doh.txt,5189daefce9d48f63fec639eca91915e7ab0ab5df88a997621d7993d53161b53,"""36bed551bae83b718d8e5bd53fdc86c12c4f6af448a7346e1f92c5c85cd5ea1e""",2026-10-11T10:39:42Z,2026-10-11T10:39:41Z,0,6544,172.287109375,ads_hagezi_adblock_doh.rpz,2026-10-11T10:39:42Z,684
https://raw.githubusercontent.com/hagezi/dns-blocklists/main/adblock/native.samsung.txt,4a3172ef42d08baf42f5d615ce3aea4210682dad716b2f7e4326bf1dc6c0d7de,"""24d971ccd7fdd095a6e0b960ce85762503632257d13bd0b8f13c01f715a5ea4f""",2026-10-03T12:12:33Z,2026-10-03T12:12:33Z,0,400,15.896484375,ads_hagezi_native.samsung.rpz,2026-10-03T12:12:33Z,71
https://raw.githubusercontent.com/hagezi/dns-blocklists/main/adblock/native.tiktok.extended.txt,f6181c82d790068696fe256e06114b0f7d9341e85976bbe01117cb10fb51d6b0,"""76c8f95f33f6a182ce30e49d71051a01edf17c8d764da85ea070e4df72828907""",2026-10-10T02:04:28Z,2026-10-10T02:04:28Z,0,1226,48.095703125,social_hagezi_native.tiktok.extended.rpz,2026-10-10T02:04:28Z,67
https://raw.githubusercontent.com/hagezi/dns-blocklists/main/adblock/native.tiktok.txt,386b1ebf19daa6a487839d883e910519df0458dd58a690f13a7aa4943486162a,"""183f097d75305a9b0b1823880ff9114c38454f54526f0c9a039379144934686f""",2026-10-10T02:04:28Z,2026-10-10T02:04:28Z,0,894,34.333984375,social_hagezi_native.tiktok.rpz,2026-10-10T02:04:28Z,56
https://raw.githubusercontent.com/hagezi/dns-blocklists/main/adblock/popupads.txt,44a470db6e842d808c9ea470e02d44f1d45b69e8b1ea47316e9a3d5be089197f,"""6c7ed377c0d1b5839c151f7777ca1832164f629068895c62ceca0c734794e691""",2026-10-11T10:39:43Z,2026-10-11T10:39:42Z,0,92954,2362.2734375,ads_hagezi_popupads.rpz,2026-10-11T10:39:43Z,1184
https://raw.githubusercontent.com/hagezi/dns-blocklists/main/adblock/pro.mini.txt,d7d146e7f857a4715735160947c6c81881ce5f1bc75b994657d4b00703bbe758,"""218f141a7f570a2ab8033172f75f81031cf0d41d04cdc59574bced13ea3ffea0""",2026-10-11T10:39:44Z,2026-10-11T10:39:44Z,0,134624,3760.798828125,ads_hagezi_pro.mini.rpz,2026-10-11T10:39:45Z,1223
https://raw.githubusercontent.com/hagezi/dns-blocklists/main/adblock/pro.plus.mini.txt,b705cb7643cc377dd20db784404d80b0b0f3b98c3030238608a9db6a7ebd656c,"""f692e81a054628a64bcc631f6de8d0b4f1b4b209da1505c5253310fa66fb344a""",2026-10-11T10:39:46Z,2026-10-11T10:39:45Z,0,158028,4386.8955078125,ads_hagezi_pro.plus.mini.rpz,2026-10-11T10:39:47Z,1227
https://raw.githubusercontent.com/hagezi/dns-blocklists/main/domains/doh.txt,,,,2026-10-11T10:39:53Z,726,0,0,malware_hagezi_domains_doh.rpz,1970-01-01T00:00:00Z,619
https://raw.githubusercontent.com/hagezi/dns-blocklists/main/domains/native.amazon.txt,,,,2026-10-11T10:39:53Z,726,0,0,malware_hagezi_native_amazon.rpz,1970-01-01T00:00:00Z,76
https://raw.githubusercontent.com/hagezi/dns-blocklists/main/domains/native.apple.txt,,,,2026-10-11T10:39:54Z,726,0,0,malware_hagezi_native_apple.rpz,1970-01-01T00:00:00Z,13
https://raw.githubusercontent.com/hagezi/dns-blocklists/main/domains/native.huawei.txt,,,,2026-10-11T10:39:54Z,726,0,0,malware_hagezi_native_huawei.rpz,1970-01-01T00:00:00Z,14
https://raw.githubusercontent.com/hagezi/dns-blocklists/main/rpz/native.winoffice.txt,8594d26f5365eb7d61d3d0136b13bed552ba4c5076226cf9a08a260b0bcad5e0,"""b8c02ca9a0058b3693e727dffa1134f884f7a91c72901e16b530dd1332aef199""",2026-10-10T02:04:30Z,2026-10-10T02:04:30Z,0,766,31.3564453125,tracking_hagezi_winoffice.rpz,2026-10-10T02:04:30Z,121
https://raw.githubusercontent.com/hagezi/dns-blocklists/main/rpz/pro.mini.txt,3ae77a0f489a771764189a92a57fa216540538105fddec136c566d98421dbebd,"""d1e5b981af67eecb76ddf206e67173ee61c776619f3b7e28bb52940e8e9fdf39""",2026-10-11T10:40:18Z,2026-10-11T10:40:17Z,0,134624,3760.7919921875,misc_hagezi_pro_mini.rpz,2026-10-11T10:40:20Z,1149
https://raw.githubusercontent.com/hagezi/dns-blocklists/main/rpz/pro.txt,5f84d34726f53089bbd85359f049f399800ad9895454d4019b40da20f0979225,"""4a591469214d33d88ebc666e94ff0f6ee5c8b65b16f88f1ac53bf8bc037c59d1""",2026-10-11T10:40:21Z,2026-10-11T10:40:20Z,0,386716,10539.3955078125,misc_hagezi_pro.rpz,2026-10-11T10:40:27Z,1206
https://raw.githubusercontent.com/hagezi/dns-blocklists/main/rpz/ultimate.mini.txt,fd61e6c6ec46413530c07f9ee7ad5f533bb7544f3416390140d7b3289981e237,"""b134d360cb084568a6c88ddb2fb77d75915a71426e527657eb47d55778ee1522""",2026-10-11T10:40:29Z,2026-10-11T10:40:28Z,0,200786,5604.095703125,misc_hagezi_ultimate_mini.rpz,2026-10-11T10:40:32Z,1211
https://raw.githubusercontent.com/hagezi/dns-blocklists/main/rpz/ultimate.txt,0e001ee63eeade6daddfb5cb2f4e47118f00d5f2b4e229ce594266069e76bccc,"""dea994ad3708431c52f6c0ff693babfe846561b1f66a995fb2e760f07884e2ff""",2026-10-11T10:40:33Z,2026-10-11T10:40:32Z,0,460600,12619.861328125,misc_hagezi_ultimate.rpz,2026-10-11T10:40:41Z,1215
https://raw.githubusercontent.com/mitchellkrogza/Phishing.Database/master/phishing-domains-ACTIVE.txt,70c6c2e24e6b3484e7ace27b079723e55937bc1f4cbd98bea38a472ec8e37326,"""adaf9d3cfd73c0dd6d3315e8a23989b8ec692e1cdd63d92259c41a2a2ea227b7""",2026-10-02T20:21:06Z,2026-10-02T20:21:05Z,0,773184,28159.337890625,phishing_mitchellkrogza.rpz,2026-10-02T20:21:12Z,915
https://raw.githubusercontent.com/uBlockOrigin/uAssets/master/filters/filters.txt,998bbf5a93077463a7121f4e8e36d53fa2e1659d8dd84596c873850e5c123484,"""9dd73d66fc0213947bab65cd8c91476b4e68c270fde1351af635e046c9a26179""",2026-10-08T02:29:18Z,2026-10-08T02:29:17Z,0,3390,235.576171875,ads_ublock_filters.rpz,2026-10-08T02:29:18Z,208
https://s3.amazonaws.com/lists.disconnect.me/simple_ad.txt,ac0360be31da0ddac23a407af6216008d656390d3bbdefac48db292aeec7216d,"""42e2e23e3ceb810f0062db0426118147""","Thu, 04 Jun 2026 19:00:01 GMT",2026-06-04T20:02:30Z,0,5400,133.0302734375,simple_ad.txt.rpz,2026-06-04T20:02:31Z,2
https://small.oisd.nl,63e237f9ccecef1e343b39fde14cb99a31c061b822a38554c1b01c23dbb2cd80,"""6acb4356-133acb""","Sun, 11 Oct 2026 08:05:42 GMT",2026-10-11T10:40:14Z,0,112272,3119.4423828125,misc_oisd_small_list.rpz,2026-10-11T10:40:17Z,4023
https://urlhaus.abuse.ch/downloads/hostfile/,e38b40f77b80fd01f70e48c8ad057a8a7a22dff50e6d41d28760f5c33f338f71,"""2e7e-65d8e225e3320""","Sun, 11 Oct 2026 10:35:03 GMT",2026-10-11T10:40:42Z,0,798,21.75,phishing_urlhaus.rpz,2026-10-11T10:40:42Z,7859
https://v.firebog.net/hosts/AdguardDNS.txt,218de9e1ee689754eebe1e3f2db76e63358349bb13b332d745811977a4425f39,"W/""391aef-65d68c4f539e6-gzip""","Fri, 09 Oct 2026 14:00:22 GMT",2026-10-09T17:17:38Z,0,357444,10451.048828125,ads_adguarddns.rpz,2026-10-09T17:17:41Z,207
https://v.firebog.net/hosts/Admiral.txt,3bebc2e65b72dc16a3dd88a627d7f60206167683f5dc80338d39a5dc3ebbc408,"W/""6f35-65d68c51915d5-gzip""","Fri, 09 Oct 2026 14:00:25 GMT",2026-10-09T17:17:41Z,0,3262,84.29296875,ads_admiral.rpz,2026-10-09T17:17:42Z,89
https://v.firebog.net/hosts/Easylist.txt,a4da687a0446b54b32a62cac31e8040211bbacd6f52438480a721d8157c566da,"W/""dc3f9-65d68c4322327-gzip""","Fri, 09 Oct 2026 14:00:09 GMT",2026-10-09T17:17:42Z,0,93524,2583.9951171875,ads_easylist.rpz,2026-10-09T17:17:43Z,223
https://v.firebog.net/hosts/Easyprivacy.txt,8823300a75e6ab7f2b1722ccf7fdbf0f1a72460af0b0f140eccf81042dff9553,"W/""e6c51-65d68c5215344-gzip""","Fri, 09 Oct 2026 14:00:25 GMT",2026-10-09T17:17:50Z,0,86368,2605.271484375,malware_easyprivacy.rpz,2026-10-09T17:17:51Z,305
https://v.firebog.net/hosts/Prigent-Ads.txt,1c8b1cca58c3083b264d36664feed93594d7a838ffb65382559cd9310c6ce512,"W/""1139a-65d68c543cfa1-gzip""","Fri, 09 Oct 2026 14:00:27 GMT",2026-10-09T17:17:43Z,0,8538,213.15625,ads_prigent_ads.rpz,2026-10-09T17:17:43Z,207
https://v.firebog.net/hosts/Prigent-Crypto.txt,a64e22659a68193b7e213728535445279b2c048d5442cc69ffd4dbd6cde45830,"W/""31cc4-65d68c46b254b-gzip""","Fri, 09 Oct 2026 14:00:13 GMT",2026-10-09T17:17:51Z,0,22980,600.669921875,malware_prigent_crypto.rpz,2026-10-09T17:17:52Z,207
https://v.firebog.net/hosts/RPiList-Malware.txt,a32b9f7873ff8b761e0b9a4c947f5a48ee288567e981820901cf9e831cffbe8f,"W/""e41b26-65c8b7c19cc17-gzip""","Mon, 28 Sep 2026 14:00:12 GMT",2026-09-28T18:25:41Z,0,1248174,36511.40625,malware_rpilist.rpz,2026-09-28T18:25:49Z,144
https://v.firebog.net/hosts/static/w3kbl.txt,6fea64b3c3cab7ca79147b7880c61871a89c7a7f802f4df00bceb167dfefac20,"W/""20f8-659eff41f1f00-gzip""","Wed, 26 Aug 2026 09:36:28 GMT",2026-08-28T09:29:03Z,0,702,21.6728515625,malware_w3kbl.rpz,2026-08-28T09:29:04Z,3
